metric,method_a,method_b,n_pairs,mean_a,mean_b,median_a,median_b,mean_difference_a_minus_b,median_difference_a_minus_b,n_a_greater_b,n_b_greater_a,n_equal,test,statistic,p_value,mcnemar_b_a1_b0,mcnemar_c_a0_b1,mcnemar_n_discordant,p_value_holm,significant_alpha_0.05_holm
pg,Grad-CAM,Attention Rollout,4393,0.21374914636922376,0.8957432278625085,0.0,1.0,-0.6819940814932848,-1.0,44,3040,1309,Exact McNemar test,,0.0,44.0,3040.0,3084.0,0.0,True
pg,Grad-CAM,D-RISE,4393,0.21374914636922376,0.8923287047575689,0.0,1.0,-0.678579558388345,-1.0,72,3053,1268,Exact McNemar test,,0.0,72.0,3053.0,3125.0,0.0,True
pg,Attention Rollout,D-RISE,4393,0.8957432278625085,0.8923287047575689,1.0,1.0,0.0034145231049396768,0.0,208,193,3992,Exact McNemar test,,0.4845196367670207,208.0,193.0,401.0,0.4845196367670207,False
ebpg,Grad-CAM,Attention Rollout,4393,0.028534135623054527,0.7143050041657693,0.0187566586515853,0.7678949533876155,-0.6857708685427147,-0.7371356203575419,105,4287,1,Two-sided Wilcoxon signed-rank test,7437.0,0.0,,,,0.0,True
ebpg,Grad-CAM,D-RISE,4393,0.028534135623054527,0.01627241657551834,0.0187566586515853,0.0127491785757215,0.012261719047536188,0.0062851275357535,3739,654,0,Two-sided Wilcoxon signed-rank test,696412.0,0.0,,,,0.0,True
ebpg,Attention Rollout,D-RISE,4393,0.7143050041657693,0.01627241657551834,0.7678949533876155,0.0127491785757215,0.6980325875902509,0.7517974012282259,4293,100,0,Two-sided Wilcoxon signed-rank test,6260.0,0.0,,,,0.0,True
iou,Grad-CAM,Attention Rollout,4393,0.04940639151390127,0.44474734475751065,0.0218253968253968,0.4759058647740007,-0.39534095324360935,-0.4408369885805038,293,4059,41,Two-sided Wilcoxon signed-rank test,141415.0,0.0,,,,0.0,True
iou,Grad-CAM,D-RISE,4393,0.04940639151390127,0.23427613182255475,0.0218253968253968,0.169170673076923,-0.18486974030865347,-0.1296070165027019,615,3751,27,Two-sided Wilcoxon signed-rank test,770305.0,0.0,,,,0.0,True
iou,Attention Rollout,D-RISE,4393,0.44474734475751065,0.23427613182255475,0.4759058647740007,0.169170673076923,0.2104712129349559,0.2118136340750395,3355,956,82,Two-sided Wilcoxon signed-rank test,1087446.0,0.0,,,,0.0,True
